{
    "name": "XGBoost Regressor",
    "params": {
        "n_estimators": 200,
        "max_depth": 7,
        "learning_rate": 0.2,
        "subsample": 0.8,
        "colsample_bytree": 1.0,
        "min_child_weight": 5,
        "gamma": 0,
        "reg_alpha": 0,
        "reg_lambda": 1,
        "random_state": 42,
        "n_jobs": -1,
        "verbosity": 0
    },
    "feature_names": [
        "House direction_B\u1eafc",
        "House direction_Kh\u00f4ng r\u00f5",
        "House direction_Nam",
        "House direction_T\u00e2y",
        "House direction_T\u00e2y - B\u1eafc",
        "House direction_T\u00e2y - Nam",
        "House direction_\u0110\u00f4ng",
        "House direction_\u0110\u00f4ng - B\u1eafc",
        "House direction_\u0110\u00f4ng - Nam",
        "Balcony direction_B\u1eafc",
        "Balcony direction_Nam",
        "Balcony direction_T\u00e2y",
        "Balcony direction_T\u00e2y - B\u1eafc",
        "Balcony direction_T\u00e2y - Nam",
        "Balcony direction_Unknown",
        "Balcony direction_\u0110\u00f4ng",
        "Balcony direction_\u0110\u00f4ng - B\u1eafc",
        "Balcony direction_\u0110\u00f4ng - Nam",
        "Legal status_Have certificate",
        "Legal status_Kh\u00f4ng r\u00f5",
        "Legal status_Sale contract",
        "Area_binned_L\u1edbn",
        "Area_binned_Nh\u1ecf",
        "Area_binned_R\u1ea5t l\u1edbn",
        "Area_binned_R\u1ea5t nh\u1ecf",
        "Area_binned_Trung b\u00ecnh",
        "price_segment_B\u00ecnh d\u00e2n",
        "price_segment_Cao c\u1ea5p",
        "price_segment_Luxury",
        "price_segment_Trung c\u1ea5p",
        "new_district_An D\u01b0\u01a1ng",
        "new_district_An L\u00e3o",
        "new_district_An Nh\u01a1n",
        "new_district_Ba V\u00ec",
        "new_district_Ba \u0110\u00ecnh",
        "new_district_Bi\u00ean H\u00f2a",
        "new_district_Bu\u00f4n Ma Thu\u1ed9t",
        "new_district_B\u00e0 R\u1ecba",
        "new_district_B\u00e0u B\u00e0ng",
        "new_district_B\u00ecnh Ch\u00e1nh",
        "new_district_B\u00ecnh Minh",
        "new_district_B\u00ecnh Th\u1ea1nh",
        "new_district_B\u00ecnh Th\u1ee7y",
        "new_district_B\u00ecnh T\u00e2n",
        "new_district_B\u00ecnh Xuy\u00ean",
        "new_district_B\u00f9 \u0110\u0103ng",
        "new_district_B\u1ea1c Li\u00eau",
        "new_district_B\u1ea3o L\u00e2m",
        "new_district_B\u1ea3o L\u1ed9c",
        "new_district_B\u1eafc Giang",
        "new_district_B\u1eafc Ninh",
        "new_district_B\u1eafc T\u1eeb Li\u00eam",
        "new_district_B\u1ebfn C\u00e1t",
        "new_district_B\u1ebfn L\u1ee9c",
        "new_district_B\u1ebfn Tre",
        "new_district_Cai L\u1eady",
        "new_district_Cam L\u00e2m",
        "new_district_Cam Ranh",
        "new_district_Cao L\u00e3nh",
        "new_district_Ch\u00e2u Th\u00e0nh",
        "new_district_Ch\u00e2u \u0110\u1ed1c",
        "new_district_Ch\u00e2u \u0110\u1ee9c",
        "new_district_Ch\u00ed Linh",
        "new_district_Ch\u01a1n Th\u00e0nh",
        "new_district_Ch\u01b0 P\u0103h",
        "new_district_Ch\u01b0\u01a1ng M\u1ef9",
        "new_district_Ch\u1ee3 G\u1ea1o",
        "new_district_Ch\u1ee3 L\u00e1ch",
        "new_district_C\u00e0 Mau",
        "new_district_C\u00e1i R\u0103ng",
        "new_district_C\u01b0 Kuin",
        "new_district_C\u01b0 M'gar",
        "new_district_C\u1ea7n Giu\u1ed9c",
        "new_district_C\u1ea7n Gi\u1edd",
        "new_district_C\u1ea7n \u0110\u01b0\u1edbc",
        "new_district_C\u1ea7u Gi\u1ea5y",
        "new_district_C\u1ea9m L\u1ec7",
        "new_district_C\u1ea9m Ph\u1ea3",
        "new_district_C\u1ee7 Chi",
        "new_district_Di Linh",
        "new_district_Di\u00ean Kh\u00e1nh",
        "new_district_Duy Xuy\u00ean",
        "new_district_D\u0129 An",
        "new_district_D\u01b0\u01a1ng Kinh",
        "new_district_D\u01b0\u01a1ng Minh Ch\u00e2u",
        "new_district_Ea Kar",
        "new_district_Gia L\u00e2m",
        "new_district_Giao Th\u1ee7y",
        "new_district_G\u00f2 C\u00f4ng",
        "new_district_G\u00f2 D\u1ea7u",
        "new_district_G\u00f2 V\u1ea5p",
        "new_district_HCM",
        "new_district_Hai B\u00e0 Tr\u01b0ng",
        "new_district_Hi\u1ec7p H\u00f2a",
        "new_district_Ho\u00e0i Nh\u01a1n",
        "new_district_Ho\u00e0i \u0110\u1ee9c",
        "new_district_Ho\u00e0n Ki\u1ebfm",
        "new_district_Ho\u00e0ng Mai",
        "new_district_Ho\u1eb1ng H\u00f3a",
        "new_district_Huy\u1ec7n An D\u01b0\u01a1ng",
        "new_district_Huy\u1ec7n B\u00ecnh Ch\u00e1nh",
        "new_district_Huy\u1ec7n B\u1ea3o L\u00e2m",
        "new_district_Huy\u1ec7n B\u1ebfn L\u1ee9c",
        "new_district_Huy\u1ec7n Ch\u01b0\u01a1ng M\u1ef9",
        "new_district_Huy\u1ec7n C\u1ea7n Gi\u1edd",
        "new_district_Huy\u1ec7n Di\u00ean Kh\u00e1nh",
        "new_district_Huy\u1ec7n D\u01b0\u01a1ng Minh Ch\u00e2u",
        "new_district_Huy\u1ec7n Gia L\u00e2m",
        "new_district_Huy\u1ec7n Ho\u00e0i \u0110\u1ee9c",
        "new_district_Huy\u1ec7n Kho\u00e1i Ch\u00e2u",
        "new_district_Huy\u1ec7n Kim B\u00f4i",
        "new_district_Huy\u1ec7n Long Th\u00e0nh",
        "new_district_Huy\u1ec7n L\u00e2m H\u00e0",
        "new_district_Huy\u1ec7n L\u01b0\u01a1ng S\u01a1n",
        "new_district_Huy\u1ec7n Nh\u01a1n Tr\u1ea1ch",
        "new_district_Huy\u1ec7n Ph\u00f9 C\u00e1t",
        "new_district_Huy\u1ec7n Ph\u00fa Gi\u00e1o",
        "new_district_Huy\u1ec7n Qu\u1ed1c Oai",
        "new_district_Huy\u1ec7n S\u00f3c S\u01a1n",
        "new_district_Huy\u1ec7n Thanh Oai",
        "new_district_Huy\u1ec7n Thanh Tr\u00ec",
        "new_district_Huy\u1ec7n Th\u01b0\u1eddng T\u00edn",
        "new_district_Huy\u1ec7n Th\u1ee7y Nguy\u00ean",
        "new_district_Huy\u1ec7n V\u00e2n \u0110\u1ed3n",
        "new_district_Huy\u1ec7n V\u0103n Giang",
        "new_district_Huy\u1ec7n V\u0129nh L\u1ee3i",
        "new_district_Huy\u1ec7n Xuy\u00ean M\u1ed9c",
        "new_district_Huy\u1ec7n Y\u00ean L\u1ea1c",
        "new_district_Huy\u1ec7n \u0110an Ph\u01b0\u1ee3ng",
        "new_district_Huy\u1ec7n \u0110\u00f4ng Anh",
        "new_district_Huy\u1ec7n \u0110\u01a1n D\u01b0\u01a1ng",
        "new_district_Huy\u1ec7n \u0110\u1ee9c H\u00f2a",
        "new_district_Hu\u1ebf",
        "new_district_H\u00e0 Ti\u00ean",
        "new_district_H\u00e0 \u0110\u00f4ng",
        "new_district_H\u00e0m Thu\u1eadn Nam",
        "new_district_H\u00f2a B\u00ecnh",
        "new_district_H\u00f2a Th\u00e0nh",
        "new_district_H\u00f2a Vang",
        "new_district_H\u00f3c M\u00f4n",
        "new_district_H\u01b0\u01a1ng Th\u1ee7y",
        "new_district_H\u01b0\u01a1ng Tr\u00e0",
        "new_district_H\u1ea1 H\u00f2a",
        "new_district_H\u1ea1 Long",
        "new_district_H\u1ea3i An",
        "new_district_H\u1ea3i Ch\u00e2u",
        "new_district_H\u1ea3i D\u01b0\u01a1ng",
        "new_district_H\u1ed3ng B\u00e0ng",
        "new_district_H\u1ed9i An",
        "new_district_Ia Grai",
        "new_district_Kim B\u1ea3ng",
        "new_district_Kim S\u01a1n",
        "new_district_Kinh M\u00f4n",
        "new_district_Ki\u1ebfn An",
        "new_district_Ki\u1ebfn Th\u1ee5y",
        "new_district_KonTum",
        "new_district_La Gi",
        "new_district_Li\u00ean Chi\u1ec3u",
        "new_district_Long Bi\u00ean",
        "new_district_Long H\u1ed3",
        "new_district_Long Kh\u00e1nh",
        "new_district_Long Th\u00e0nh",
        "new_district_Long Xuy\u00ean",
        "new_district_Long \u0110i\u1ec1n",
        "new_district_L\u00e0o Cai",
        "new_district_L\u00e2m H\u00e0",
        "new_district_L\u00ea Ch\u00e2n",
        "new_district_L\u00fd S\u01a1n",
        "new_district_L\u01b0\u01a1ng S\u01a1n",
        "new_district_L\u1ea1c Th\u1ee7y",
        "new_district_L\u1ea1ng Giang",
        "new_district_L\u1ea1ng S\u01a1n",
        "new_district_L\u1ee5c Ng\u1ea1n",
        "new_district_Mai S\u01a1n",
        "new_district_M\u00ea Linh",
        "new_district_M\u00f3ng C\u00e1i",
        "new_district_M\u1ed9c Ch\u00e2u",
        "new_district_M\u1ef9 H\u00e0o",
        "new_district_M\u1ef9 Tho",
        "new_district_Nam T\u1eeb Li\u00eam",
        "new_district_Nam \u0110\u1ecbnh",
        "new_district_Nghi Xu\u00e2n",
        "new_district_Ngh\u0129a H\u01b0ng",
        "new_district_Ngh\u0129a L\u1ed9",
        "new_district_Ng\u00f4 Quy\u1ec1n",
        "new_district_Ng\u0169 H\u00e0nh S\u01a1n",
        "new_district_Nha Trang",
        "new_district_Nh\u00e0 B\u00e8",
        "new_district_Nh\u01a1n Tr\u1ea1ch",
        "new_district_Ninh B\u00ecnh",
        "new_district_Ninh H\u00f2a",
        "new_district_Ninh H\u1ea3i",
        "new_district_Ninh Ki\u1ec1u",
        "new_district_N\u00fai Th\u00e0nh",
        "new_district_Phan Rang - Th\u00e1p Ch\u00e0m",
        "new_district_Phan Thi\u1ebft",
        "new_district_Phong \u0110i\u1ec1n",
        "new_district_Ph\u00f9 C\u00e1t",
        "new_district_Ph\u00fa Gi\u00e1o",
        "new_district_Ph\u00fa M\u1ef9",
        "new_district_Ph\u00fa Nhu\u1eadn",
        "new_district_Ph\u00fa Qu\u1ed1c",
        "new_district_Ph\u00fa Th\u1ecd",
        "new_district_Ph\u00fa Xuy\u00ean",
        "new_district_Ph\u00fac Y\u00ean",
        "new_district_Ph\u01b0\u1eddng 3",
        "new_district_Ph\u01b0\u1eddng 5",
        "new_district_Ph\u01b0\u1eddng B\u00ecnh H\u01b0ng H\u00f2a  T\u00e2n",
        "new_district_Ph\u01b0\u1eddng Cam Ngh\u0129a",
        "new_district_Ph\u01b0\u1eddng Vi\u1ec7t H\u01b0ng",
        "new_district_Ph\u01b0\u1eddng \u0110\u1ea1i M\u1ed7",
        "new_district_Ph\u1ed5 Y\u00ean",
        "new_district_Ph\u1ee5ng Hi\u1ec7p",
        "new_district_Ph\u1ee7 L\u00fd",
        "new_district_Plei Ku",
        "new_district_Quy Nh\u01a1n",
        "new_district_Qu\u1ea3ng Ng\u00e3i",
        "new_district_Qu\u1ea3ng Tr\u1ea1ch",
        "new_district_Qu\u1eadn 1",
        "new_district_Qu\u1eadn 10",
        "new_district_Qu\u1eadn 11",
        "new_district_Qu\u1eadn 12",
        "new_district_Qu\u1eadn 2",
        "new_district_Qu\u1eadn 3",
        "new_district_Qu\u1eadn 4",
        "new_district_Qu\u1eadn 5",
        "new_district_Qu\u1eadn 6",
        "new_district_Qu\u1eadn 7",
        "new_district_Qu\u1eadn 8",
        "new_district_Qu\u1eadn 9",
        "new_district_Qu\u1eadn Ba \u0110\u00ecnh",
        "new_district_Qu\u1eadn B\u00ecnh T\u00e2n",
        "new_district_Qu\u1eadn C\u1ea9m L\u1ec7",
        "new_district_Qu\u1eadn Hai B\u00e0 Tr\u01b0ng",
        "new_district_Qu\u1eadn Ho\u00e0ng Mai",
        "new_district_Qu\u1eadn H\u00e0 \u0110\u00f4ng",
        "new_district_Qu\u1eadn H\u1ea3i Ch\u00e2u",
        "new_district_Qu\u1eadn H\u1ed3ng B\u00e0ng",
        "new_district_Qu\u1eadn Ki\u1ebfn An",
        "new_district_Qu\u1eadn Li\u00ean Chi\u1ec3u",
        "new_district_Qu\u1eadn Long Bi\u00ean",
        "new_district_Qu\u1eadn L\u00ea Ch\u00e2n",
        "new_district_Qu\u1eadn Nam T\u1eeb Li\u00eam",
        "new_district_Qu\u1eadn Ng\u0169 H\u00e0nh S\u01a1n",
        "new_district_Qu\u1eadn Thanh Kh\u00ea",
        "new_district_Qu\u1eadn T\u00e2n B\u00ecnh",
        "new_district_Qu\u1eadn T\u00e2n Ph\u00fa",
        "new_district_Qu\u1eadn T\u00e2y H\u1ed3",
        "new_district_Qu\u1ed1c Oai",
        "new_district_R\u1ea1ch Gi\u00e1",
        "new_district_Sa Pa",
        "new_district_Sa \u0110\u00e9c",
        "new_district_S\u00f3c S\u01a1n",
        "new_district_S\u00f3c Tr\u0103ng",
        "new_district_S\u00f4ng C\u00f4ng",
        "new_district_S\u00f4ng C\u1ea7u",
        "new_district_S\u01a1n D\u01b0\u01a1ng",
        "new_district_S\u01a1n Tr\u00e0",
        "new_district_S\u01a1n T\u00e2y",
        "new_district_S\u1ea7m S\u01a1n",
        "new_district_Tam K\u1ef3",
        "new_district_Tam \u0110\u1ea3o",
        "new_district_Thanh H\u00f3a",
        "new_district_Thanh Kh\u00ea",
        "new_district_Thanh Li\u00eam",
        "new_district_Thanh Mi\u1ec7n",
        "new_district_Thanh Oai",
        "new_district_Thanh Th\u1ee7y",
        "new_district_Thanh Tr\u00ec",
        "new_district_Thanh Xu\u00e2n",
        "new_district_Thu\u1eadn An",
        "new_district_Thu\u1eadn Nam",
        "new_district_Thu\u1eadn Th\u00e0nh",
        "new_district_Th\u00e0nh ph\u1ed1 Bi\u00ean H\u00f2a",
        "new_district_Th\u00e0nh ph\u1ed1 Bu\u00f4n Ma Thu\u1ed9t",
        "new_district_Th\u00e0nh ph\u1ed1 B\u00e0 R\u1ecba",
        "new_district_Th\u00e0nh ph\u1ed1 B\u1ebfn Tre",
        "new_district_Th\u00e0nh ph\u1ed1 C\u1ea9m Ph\u1ea3",
        "new_district_Th\u00e0nh ph\u1ed1 D\u0129 An",
        "new_district_Th\u00e0nh ph\u1ed1 H\u00e0 Giang",
        "new_district_Th\u00e0nh ph\u1ed1 H\u00e0 Ti\u00ean",
        "new_district_Th\u00e0nh ph\u1ed1 H\u00f2a B\u00ecnh",
        "new_district_Th\u00e0nh ph\u1ed1 H\u1ea1 Long",
        "new_district_Th\u00e0nh ph\u1ed1 M\u00f3ng C\u00e1i",
        "new_district_Th\u00e0nh ph\u1ed1 Nha Trang",
        "new_district_Th\u00e0nh ph\u1ed1 Phan Thi\u1ebft",
        "new_district_Th\u00e0nh ph\u1ed1 Ph\u00fa Qu\u1ed1c",
        "new_district_Th\u00e0nh ph\u1ed1 Plei Ku",
        "new_district_Th\u00e0nh ph\u1ed1 Quy Nh\u01a1n",
        "new_district_Th\u00e0nh ph\u1ed1 Thanh H\u00f3a",
        "new_district_Th\u00e0nh ph\u1ed1 Thu\u1eadn An",
        "new_district_Th\u00e0nh ph\u1ed1 Th\u1ee7 D\u1ea7u M\u1ed9t",
        "new_district_Th\u00e0nh ph\u1ed1 Th\u1ee7 \u0110\u1ee9c",
        "new_district_Th\u00e0nh ph\u1ed1 T\u00e2n Uy\u00ean",
        "new_district_Th\u00e0nh ph\u1ed1 V\u0169ng T\u00e0u",
        "new_district_Th\u00e0nh ph\u1ed1 \u0110i\u1ec7n Bi\u00ean Ph\u1ee7",
        "new_district_Th\u00e0nh ph\u1ed1 \u0110\u00f4ng H\u00e0",
        "new_district_Th\u00e1i B\u00ecnh",
        "new_district_Th\u00e1i H\u00f2a",
        "new_district_Th\u00e1i Nguy\u00ean",
        "new_district_Th\u00e1i Thu\u1ef5",
        "new_district_Th\u01b0\u1eddng T\u00edn",
        "new_district_Th\u1ea1ch H\u00e0",
        "new_district_Th\u1ea1ch Th\u00e0nh",
        "new_district_Th\u1ea1ch Th\u1ea5t",
        "new_district_Th\u1ecb X\u00e3 Ph\u00fa M\u1ef9",
        "new_district_Th\u1ecb x\u00e3 Ph\u00fa M\u1ef9",
        "new_district_Th\u1ecb x\u00e3 Sa Pa",
        "new_district_Th\u1ecb x\u00e3 \u0110\u1ed3ng Xo\u00e0i",
        "new_district_Th\u1ed1ng Nh\u1ea5t",
        "new_district_Th\u1ee7 D\u1ea7u M\u1ed9t",
        "new_district_Th\u1ee7 Th\u1eeba",
        "new_district_Th\u1ee7 \u0110\u1ee9c",
        "new_district_Th\u1ee7y Nguy\u00ean",
        "new_district_Ti\u00ean Du",
        "new_district_Tr\u00e0 Vinh",
        "new_district_Tr\u1ea3ng Bom",
        "new_district_Tr\u1ea3ng B\u00e0ng",
        "new_district_Tr\u1ea7n V\u0103n Th\u1eddi",
        "new_district_Tuy H\u00f2a",
        "new_district_T\u00e1nh Linh",
        "new_district_T\u00e2n An",
        "new_district_T\u00e2n B\u00ecnh",
        "new_district_T\u00e2n Ph\u00fa",
        "new_district_T\u00e2n Th\u1ea1nh",
        "new_district_T\u00e2n Tr\u1ee5",
        "new_district_T\u00e2n Uy\u00ean",
        "new_district_T\u00e2y H\u1ed3",
        "new_district_T\u00e2y Ninh",
        "new_district_T\u1ecbnh Bi\u00ean",
        "new_district_T\u1eeb S\u01a1n",
        "new_district_Unknown",
        "new_district_U\u00f4ng B\u00ed",
        "new_district_Vinh",
        "new_district_Vi\u1ec7t Tr\u00ec",
        "new_district_Vi\u1ec7t Y\u00ean",
        "new_district_V\u00e2n \u0110\u1ed3n",
        "new_district_V\u0103n Giang",
        "new_district_V\u0103n L\u00e2m",
        "new_district_V\u0129nh B\u1ea3o",
        "new_district_V\u0129nh C\u1eedu",
        "new_district_V\u0129nh Long",
        "new_district_V\u0129nh T\u01b0\u1eddng",
        "new_district_V\u0129nh Y\u00ean",
        "new_district_V\u0169ng T\u00e0u",
        "new_district_V\u1ea1n Ninh",
        "new_district_Xuy\u00ean M\u1ed9c",
        "new_district_Xu\u00e2n L\u1ed9c",
        "new_district_Y\u00ean B\u00e1i",
        "new_district_Y\u00ean D\u0169ng",
        "new_district_Y\u00ean M\u1ef9",
        "new_district_Y\u00ean Phong",
        "new_district_qu\u1eadn T\u00e2n B\u00ecnh",
        "new_district_\u0110an Ph\u01b0\u1ee3ng",
        "new_district_\u0110i\u1ec7n Bi\u00ean Ph\u1ee7",
        "new_district_\u0110i\u1ec7n B\u00e0n",
        "new_district_\u0110\u00e0 L\u1ea1t",
        "new_district_\u0110\u00f4ng Anh",
        "new_district_\u0110\u00f4ng H\u00e0",
        "new_district_\u0110\u00f4ng H\u00f2a",
        "new_district_\u0110\u00f4ng H\u01b0ng",
        "new_district_\u0110\u00f4ng S\u01a1n",
        "new_district_\u0110\u01a1n D\u01b0\u01a1ng",
        "new_district_\u0110\u1ea3o Ph\u00fa Qu\u00fd",
        "new_district_\u0110\u1ea5t \u0110\u1ecf",
        "new_district_\u0110\u1ecbnh Qu\u00e1n",
        "new_district_\u0110\u1ed1ng \u0110a",
        "new_district_\u0110\u1ed3 S\u01a1n",
        "new_district_\u0110\u1ed3ng Xo\u00e0i",
        "new_district_\u0110\u1ee9c H\u00f2a",
        "new_district_\u0110\u1ee9c Tr\u1ecdng",
        "new_district_\u1ee8ng H\u00f2a",
        "Address",
        "Area",
        "Frontage",
        "Access Road",
        "Floors",
        "Bedrooms",
        "Bathrooms",
        "Furniture state",
        "new_has_balcony_direction",
        "new_has_house_direction",
        "new_has_access_road",
        "has_frontage",
        "new_price_per_m2",
        "new_bathroom_bedroom_ratio",
        "new_total_rooms",
        "new_is_large_house",
        "new_is_luxury",
        "new_is_multi_story",
        "new_city",
        "new_street_ward"
    ],
    "training_time": 1.508337,
    "timestamp": "20251205_194841"
}