{
    "name": "XGBoost Regressor",
    "params": {
        "n_estimators": 800,
        "max_depth": 7,
        "learning_rate": 0.03,
        "subsample": 0.85,
        "colsample_bytree": 0.85,
        "min_child_weight": 3,
        "gamma": 0.05,
        "reg_alpha": 0.05,
        "reg_lambda": 1.0,
        "random_state": 42,
        "n_jobs": -1,
        "verbosity": 0
    },
    "feature_names": [
        "Area",
        "Frontage",
        "Access Road",
        "House direction",
        "Balcony direction",
        "Floors",
        "Bedrooms",
        "Bathrooms",
        "Legal status",
        "Furniture state",
        "new_has_balcony_direction",
        "new_has_house_direction",
        "new_city",
        "new_district",
        "new_street_ward",
        "new_has_access_road",
        "has_frontage",
        "new_bathroom_bedroom_ratio",
        "new_total_rooms",
        "new_is_large_house",
        "new_avg_room_size",
        "new_is_luxury",
        "new_is_multi_story",
        "Area_binned",
        "area_x_bathrooms",
        "area_x_bedrooms",
        "area_x_floors",
        "bedrooms_x_bathrooms",
        "bedrooms_x_floors",
        "luxury_score",
        "area_in_h\u1ed3_ch\u00ed_minh",
        "area_in_h\u00e0_n\u1ed9i",
        "area_in_b\u00ecnh_d\u01b0\u01a1ng",
        "area_in_\u0111\u00e0_n\u1eb5ng",
        "room_density",
        "access_quality",
        "new_district_area_mean",
        "new_district_area_median",
        "new_district_area_std",
        "new_district_sample_count",
        "new_district_tier"
    ],
    "training_time": 3.420866,
    "timestamp": "20251220_175243"
}